Authors,Author(s) ID,Title,Year,Source title,Volume,Issue,Art. No.,Page start,Page end,Page count,Cited by,DOI,Link,Author Keywords,Index Keywords,Document Type,Publication Stage,Open Access,Source,EID
"Mottaleb K.A., Kruseman G., Snapp S.","53664229100;57200546771;7003330545;","Potential impacts of Ukraine-Russia armed conflict on global wheat food security: A quantitative exploration",2022,"Global Food Security","35",,"100659","","",,150,"10.1016/j.gfs.2022.100659","https://www.scopus.com/inward/record.uri?eid=2-s2.0-85140953496&doi=10.1016%2fj.gfs.2022.100659&partnerID=40&md5=7636e2a9e90c5385fc12013ec7c28482","Armed conflict; Calories; Consumption; Elasticity; Export-import; Food security; Price; Production; Wheat",,Article,"Final","All Open Access, Hybrid Gold, Green",Scopus,2-s2.0-85140953496
"Richardson M., Nalley L.L., Durand-Morat A., Crandall P., Scruggs A., Joseph L., Chouloute J., Yang W.","57355627300;55837353600;57015306400;59843857300;59807266500;57720469000;57720175700;59612482300;","A broken market: can increased access to broken rice decrease food insecurity in Haiti?",2022,"Food Security","14","6",,"1387","1400",,3,"10.1007/s12571-022-01286-9","https://www.scopus.com/inward/record.uri?eid=2-s2.0-85131095954&doi=10.1007%2fs12571-022-01286-9&partnerID=40&md5=03e73b537664fa4810305ce93cc0c75f","Broken Rice; Food Security; Haiti; Rice Quality","crop plant; crop yield; food market; food security; rice; spatiotemporal analysis; Haiti; Hispaniola",Article,"Final","All Open Access, Hybrid Gold, Green",Scopus,2-s2.0-85131095954
"Hedlund J., Carlsen H., Croft S., West C., Bodin I., Stokeld E., Jägermeyr J., Müller C.","56478528000;36545789900;57206369427;56763374400;13103663000;57218997690;35179843900;56550089500;","Impacts of climate change on global food trade networks",2022,"Environmental Research Letters","17","12","124040","","",,31,"10.1088/1748-9326/aca68b","https://www.scopus.com/inward/record.uri?eid=2-s2.0-85144579312&doi=10.1088%2f1748-9326%2faca68b&partnerID=40&md5=39115e6b136a0dd24b86b6434974df7b","climate adaptation; cross-border climate change impacts; food trade networks; global food system; network community detection","Climate change; Climate models; Crops; Food supply; Population dynamics; Climate adaptation; Climate change impact; Community detection; Cross-border; Cross-border climate change impact; Food system; Food trade network; Global food system; Network communities; Network community detection; Commerce; action plan; adaptive management; climate change; climate effect; cooperative sector; crop yield; cross-border relations; global trade; rice",Article,"Final","All Open Access, Gold, Green",Scopus,2-s2.0-85144579312
"Oluoch K.O., De Groote H., Gitonga Z.M., Jin Z., Davis K.F.","57912733300;57197763228;36611627900;55621949100;55066814000;","A suite of agronomic factors can offset the effects of climate variability on rainfed maize production in Kenya",2022,"Scientific Reports","12","1","16043","","",,4,"10.1038/s41598-022-19286-2","https://www.scopus.com/inward/record.uri?eid=2-s2.0-85139122876&doi=10.1038%2fs41598-022-19286-2&partnerID=40&md5=822b34c56f443f7f81216fa58c940fb0",,"fertilizer; agriculture; climate change; crop; human; Kenya; maize; procedures; Agriculture; Climate Change; Crops, Agricultural; Fertilizers; Humans; Kenya; Zea mays",Article,"Final","All Open Access, Gold, Green",Scopus,2-s2.0-85139122876
"Yawson D.O.","36459429000;","Balancing water scarcity, food production, and trade imperatives in the Caribbean: Could virtual water analysis help?",2022,"Journal of Cleaner Production","376",,"134285","","",,7,"10.1016/j.jclepro.2022.134285","https://www.scopus.com/inward/record.uri?eid=2-s2.0-85138762026&doi=10.1016%2fj.jclepro.2022.134285&partnerID=40&md5=2e39b917ee084ef97980c56e65d489c2","Food security; Green and blue water; Maize; Small island developing states; Sustainability; Trade policy","Agriculture; Flow of water; Food supply; Hydraulics; Sustainable development; Water conservation; Water management; Water supply; Food production; Food security; Green and blue waters; Maize; Maize production; Small island developing state; Trade policies; Virtual water; Virtual water-flow; Water scarcity; Commerce",Article,"Final","",Scopus,2-s2.0-85138762026
"Berhe M., Subramanyam B., Chichaybelu M., Demissie G., Abay F., Harvey J.","57207877006;7004276540;6504463656;23977495500;24480722600;25922174700;","Post-Harvest Insect Pests and Their Management Practices for Major Food and Export Crops in East Africa: An Ethiopian Case Study",2022,"Insects","13","11","1068","","",,42,"10.3390/insects13111068","https://www.scopus.com/inward/record.uri?eid=2-s2.0-85149575050&doi=10.3390%2finsects13111068&partnerID=40&md5=5df2069d5bdc358ab0178faa422fb5d4","Ethiopia; pest management options; post-harvest practices; storage losses; storage pests; stored commodities",,Review,"Final","All Open Access, Gold, Green",Scopus,2-s2.0-85149575050
"Mahmud S., Haider A.S.M.R., Shahriar S.T., Salehin S., Hasan A.S.M.M., Johansson M.T.","57226167666;59158495300;57412400600;57023792800;57200903522;36646031300;","Bioethanol and biodiesel blended fuels — Feasibility analysis of biofuel feedstocks in Bangladesh",2022,"Energy Reports","8",,,"1741","1756",,64,"10.1016/j.egyr.2022.01.001","https://www.scopus.com/inward/record.uri?eid=2-s2.0-85122794981&doi=10.1016%2fj.egyr.2022.01.001&partnerID=40&md5=f78eaf459fdbfd1a6949447dfbe75dc6","Agricultural residues; Bangladesh; Biodiesel; Bioethanol; Biofuel; Non-edible oils","Agricultural wastes; Animals; Bioethanol; Blending; Economics; Ethanol; Extraction; Feedstocks; Food supply; Gasoline; Oils and fats; Petroleum transportation; Proven reserves; Bangladesh; Biodiesel-blended fuels; Biofuel feedstocks; Feasibility analysis; International oil markets; Natural oil; Non-edible oil; Oil import; Oil reserves; Transportation sector; Biodiesel",Review,"Final","All Open Access, Gold, Green",Scopus,2-s2.0-85122794981
"Nasir M.A., Nugroho A.D., Lakner Z.","57925656200;58754315000;6506033503;","Impact of the Russian–Ukrainian Conflict on Global Food Crops",2022,"Foods","11","19","2979","","",,76,"10.3390/foods11192979","https://www.scopus.com/inward/record.uri?eid=2-s2.0-85139783050&doi=10.3390%2ffoods11192979&partnerID=40&md5=fd1f2037d62668705cc1b66c764d7629","food security; price; production; trade",,Article,"Final","All Open Access, Gold, Green",Scopus,2-s2.0-85139783050
"Kumar I., Feng K., Sun L., Bandaru V.","57218645131;35169268500;15821588400;14051672300;","Adoption of biomass for electricity generation in Thailand: Implications for energy security, employment, environment, and land use change",2022,"Renewable Energy","195",,,"1454","1467",,20,"10.1016/j.renene.2022.05.162","https://www.scopus.com/inward/record.uri?eid=2-s2.0-85133922687&doi=10.1016%2fj.renene.2022.05.162&partnerID=40&md5=333c1b58cc1c0c83ffa39c9aeb779fbc","Biomass electricity generation; Extended input-output model; Sustainable development; Thailand","Agriculture; Biomass; Climate models; Economic analysis; Economic and social effects; Electric power generation; Employment; Energy policy; Food supply; Land use; Sustainable development; Biomass electricity; Biomass electricity generation; Electricity-generation; Extended input-output model; Input-output modeling; Landuse change; Population change; Renewable energy policy; Thailand; Water use; Energy security; electricity generation; Thailand",Article,"Final","",Scopus,2-s2.0-85133922687
"Bradshaw C.D., Pope E., Kay G., Davie J.C.S., Cottrell A., Bacon J., Cosse A., Dunstone N., Jennings S., Challinor A., Chapman S., Birch C., Sallu S.M., King R., Macdiarmid J.","54683434100;57130318700;36953058900;56025792100;8325043900;57219763391;57832358800;12787547600;57221224044;7003681353;56228426900;34976155900;26026483100;57200728595;7003488830;","Unprecedented climate extremes in South Africa and implications for maize production",2022,"Environmental Research Letters","17","8","084028","","",,33,"10.1088/1748-9326/ac816d","https://www.scopus.com/inward/record.uri?eid=2-s2.0-85135443023&doi=10.1088%2f1748-9326%2fac816d&partnerID=40&md5=90c165667c831bf39a77bfa85983f290","climate; extremes; maize; present-day; South Africa; unprecedented","Atmospheric pressure; Climate models; Food supply; Large dataset; Breakings; Climate; Climate extremes; Extreme; Food security; Maize; Maize production; Present-day; South Africa; Unprecedented; Climate change; climate change; climate conditions; climate modeling; crop production; drought; El Nino-Southern Oscillation; extreme event; flood; food security; maize; seasonal variation; South Africa; Southern Africa",Article,"Final","All Open Access, Gold, Green",Scopus,2-s2.0-85135443023
"Escobar N., Bautista I., Peña N., Fenollosa M.L., Osca J.M., Sanjuán N.","56222039700;6506562366;57195457543;48761234300;55918840500;7003683112;","Life Cycle Thinking for the environmental and financial assessment of rice management systems in the Senegal River Valley",2022,"Journal of Environmental Management","310",,"114722","","",,26,"10.1016/j.jenvman.2022.114722","https://www.scopus.com/inward/record.uri?eid=2-s2.0-85125496401&doi=10.1016%2fj.jenvman.2022.114722&partnerID=40&md5=6121469bd0a4421808d962957b7bb48e","Agricultural emissions; Crop management; Irrigated rice; Life cycle assessment; Life cycle costing; Sustainability","fresh water; cultivation; decision support system; environmental assessment; fertilizer application; finance; food security; life cycle analysis; management practice; rice; agricultural worker; Article; climate change; crop management; crop rotation; decision support system; dry season; environmental impact; eutrophication; experiential learning; fertilization; fertilizer application; food security; human; life cycle assessment; ozone depletion; paddy rice; plant yield; profit; river; Senegal; sustainable agriculture; thinking; water insecurity; agriculture; animal; life cycle stage; Oryza; procedures; river; Senegal; Saint Louis [Senegal]; Senegal; Senegal River; Agriculture; Animals; Life Cycle Stages; Oryza; Rivers; Senegal",Article,"Final","All Open Access, Hybrid Gold, Green",Scopus,2-s2.0-85125496401
"Liu Y., Yang L., Zhang J., Cui Q.I., Liu Y.U., Nie F., Hu Y.","57203675219;57202223420;57207782075;57490261700;56383915700;57205022391;57490142100;","Aggravating effects of food export restrictions under climate change on food security: An analysis of rice economy based on alternative indicators",2022,"Climate Change Economics","13","2","2240006","","",,6,"10.1142/S2010007822400061","https://www.scopus.com/inward/record.uri?eid=2-s2.0-85126441902&doi=10.1142%2fS2010007822400061&partnerID=40&md5=6ccb6ef6a3ec9e30ee74ea893fa8a914","CGE model; Climate change; export restrictions; household consumption; self-sufficiency rate",,Article,"Final","",Scopus,2-s2.0-85126441902
"Boly M., Sanou A.","57540967100;57539044400;","Biofuels and food security: evidence from Indonesia and Mexico",2022,"Energy Policy","163",,"112834","","",,31,"10.1016/j.enpol.2022.112834","https://www.scopus.com/inward/record.uri?eid=2-s2.0-85126741093&doi=10.1016%2fj.enpol.2022.112834&partnerID=40&md5=656a638cf25aedfc6822ca7c828600ab","Biofuels; Food security; Impact assessment","Biodiesel; Bioethanol; Energy utilization; Ethanol; Biodiesel production; Biofuel production; Control methods; Counterfactuals; Food security; Impact assessments; Indonesia; Me-xico; Retrospective analysis; Synthetic control; Food supply; assessment method; biofuel; energy use; export; food security; power generation; Indonesia; Mexico [North America]",Article,"Final","All Open Access, Bronze",Scopus,2-s2.0-85126741093
"Badawy A., Elmahdi A., Abd El-Hafez S., Ibrahim A.","57463335500;16641902600;56989774000;57191194736;","Water Profitability Analysis to Improve Food Security and Climate Resilience: A Case Study in the Egyptian Nile Delta",2022,"Climate","10","2","17","","",,4,"10.3390/cli10020017","https://www.scopus.com/inward/record.uri?eid=2-s2.0-85125079941&doi=10.3390%2fcli10020017&partnerID=40&md5=b1561c631403c04a79eb041d23238bd4","Food security; Nile Delta; Water productivity; Water profitability; Water security",,Article,"Final","All Open Access, Gold, Green",Scopus,2-s2.0-85125079941
"Han X., Chen Y., Wang X.","59361307200;56451244900;57195268376;","Impacts of China’s bioethanol policy on the global maize market: a partial equilibrium analysis to 2030",2022,"Food Security","14","1",,"147","163",,34,"10.1007/s12571-021-01212-5","https://www.scopus.com/inward/record.uri?eid=2-s2.0-85115054693&doi=10.1007%2fs12571-021-01212-5&partnerID=40&md5=32ca22b7c5a24a1736747c52a01a4ce1","Bioethanol policy; China; Global maize market; Partial equilibrium analysis","biofuel; crop production; food market; food product; food production; food security; macroeconomics; maize; spatiotemporal analysis; strategic approach; China",Article,"Final","All Open Access, Bronze, Green",Scopus,2-s2.0-85115054693
"Alola A.A.","57202608331;","The nexus of renewable energy equity and agricultural commodities in the United States: Evidence of regime-switching and price bubbles",2022,"Energy","239",,"122377","","",,34,"10.1016/j.energy.2021.122377","https://www.scopus.com/inward/record.uri?eid=2-s2.0-85117791382&doi=10.1016%2fj.energy.2021.122377&partnerID=40&md5=2e59a8a20c5cabb1af24b1c4dddc957f","Agricultural prices; Frequency domain causality; Renewable energy equity; Speculative bubbles; United States","Agricultural products; Agricultural robots; Costs; Economics; Natural resources; Renewable energy resources; Statistical tests; Agricultural commodities; Agricultural price; Energy equity; Frequency domain causality; Frequency domains; Regime switching; Renewable energies; Renewable energy equity; Speculative bubble; United state; Frequency domain analysis; alternative energy; commodity; energy efficiency; Granger causality test; policy making; United States; Glycine max",Article,"Final","",Scopus,2-s2.0-85117791382
"Choudhary D., Banskota K., Khanal N.P., McDonald A.J., Krupnik T.J., Erenstein O.","55191062000;57196420458;36559685000;57211004984;55183790300;14022746600;","Rice Subsector Development and Farmer Efficiency in Nepal: Implications for Further Transformation and Food Security",2022,"Frontiers in Sustainable Food Systems","5",,"740546","","",,20,"10.3389/fsufs.2021.740546","https://www.scopus.com/inward/record.uri?eid=2-s2.0-85123764666&doi=10.3389%2ffsufs.2021.740546&partnerID=40&md5=717cc0517fab165d085c2c7e6c16f143","agriculture transformation; efficiency; inclusive growth; market system; rice",,Article,"Final","All Open Access, Gold, Green",Scopus,2-s2.0-85123764666
"Onumah E.E., Addey Owusu P., Mensah-Bonsu A., Acquah Degraft H.","35810941000;57803028400;36714035800;57802566100;","Rice price volatility and transmission: implications for food security in Ghana",2022,"Cogent Economics and Finance","10","1","2085605","","",,12,"10.1080/23322039.2022.2085605","https://www.scopus.com/inward/record.uri?eid=2-s2.0-85134164991&doi=10.1080%2f23322039.2022.2085605&partnerID=40&md5=414d28523526f491b8758b6af83b07cf","food security; market integration; Price transmission; volatility",,Article,"Final","All Open Access, Gold, Green",Scopus,2-s2.0-85134164991
"Nasir J., Nasir B., Ashfaq M.","57210587445;57210205971;57223453248;","Integrated impact assessment of climate change vulnerability and adaptations for agricultural production system of Punjab, Pakistan",2022,"Pakistan Journal of Agricultural Sciences","59","5",,"885","890",,,"10.21162/PAKJAS/22.79","https://www.scopus.com/inward/record.uri?eid=2-s2.0-85141179384&doi=10.21162%2fPAKJAS%2f22.79&partnerID=40&md5=c4f99a1d6cffccd67cc72c9b3d5d1099","adaptations; agricultural production system; Climate change; integrated assessment; vulnerability",,Article,"Final","",Scopus,2-s2.0-85141179384
"Hunt E., Femia F., Werrell C., Christian J.I., Otkin J.A., Basara J., Anderson M., White T., Hain C., Randall R., McGaughey K.","16245188700;57194580906;57194584017;56937891400;6602403713;6602428005;7404764644;56478082100;57203255846;58582563100;57209010190;","Agricultural and food security impacts from the 2010 Russia flash drought",2021,"Weather and Climate Extremes","34",,"100383","","",,78,"10.1016/j.wace.2021.100383","https://www.scopus.com/inward/record.uri?eid=2-s2.0-85115980725&doi=10.1016%2fj.wace.2021.100383&partnerID=40&md5=3628761de4eeedb975520f73fac237d8","Flash drought; Food security; Heat wave; Russia; Wheat","agriculture; drought; food security; heat wave; poverty; water stress; wheat; Australia; Egypt; Mozambique; Russian Federation; Matthiola",Article,"Final","All Open Access, Gold, Green",Scopus,2-s2.0-85115980725
"Fathonah F.I., Mashilal","58075028100;58073966200;","Rice Production Analysis in Reflecting Rice Self-sufficiency in Indonesia",2021,"E3S Web of Conferences","316",,"02041","","",,5,"10.1051/e3sconf/202131602041","https://www.scopus.com/inward/record.uri?eid=2-s2.0-85146649851&doi=10.1051%2fe3sconf%2f202131602041&partnerID=40&md5=fdd722c886250aa590c91a1f53d6506b",,,Conference Paper,"Final","All Open Access, Gold, Green",Scopus,2-s2.0-85146649851
"Bagnall D.K., Shanahan J.F., Flanders A., Morgan C.L.S., Honeycutt C.W.","57205145956;7006499036;7006675027;11940015400;7004535722;","Soil health considerations for global food security",2021,"Agronomy Journal","113","6",,"4581","4589",,50,"10.1002/agj2.20783","https://www.scopus.com/inward/record.uri?eid=2-s2.0-85111900282&doi=10.1002%2fagj2.20783&partnerID=40&md5=32bbb4f6b02f91ad6ff8a2ce2f537e33",,,Article,"Final","All Open Access, Hybrid Gold",Scopus,2-s2.0-85111900282
"Yigezu Y.A., Moustafa M.A., Mohiy M.M., Ibrahim S.E., Ghanem W.M., Niane A.-A., Abbas E., Sabry S.R.S., Halila H.","6504558700;56496476400;57255425300;59797592100;57255539800;36118091600;57222101881;57225369752;57201973908;","Food losses and wastage along the wheat value chain in egypt and their implications on food and energy security, natural resources, and the environment",2021,"Sustainability (Switzerland)","13","18","10011","","",,18,"10.3390/su131810011","https://www.scopus.com/inward/record.uri?eid=2-s2.0-85114746813&doi=10.3390%2fsu131810011&partnerID=40&md5=071e26735454e066224e293a781bc926","Food and energy security; Food loss; Food waste; Natural resources and environment; Value chain; Wheat","carbon dioxide; crop production; crop yield; dryland farming; estimation method; food security; food supply; food waste; legume; methane; wheat; Egypt; Fabaceae",Article,"Final","All Open Access, Gold, Green",Scopus,2-s2.0-85114746813
"Luo P., Tanaka T.","57226467058;55727256500;","Food import dependency and national food security: A price transmission analysis for the wheat sector",2021,"Foods","10","8","1715","","",,31,"10.3390/foods10081715","https://www.scopus.com/inward/record.uri?eid=2-s2.0-85111702448&doi=10.3390%2ffoods10081715&partnerID=40&md5=935ec058e8b94e6a5b02b4fa1e444cd4","DCC; GARCH; Import dependency; Price volatility transmission; Wheat",,Article,"Final","All Open Access, Gold, Green",Scopus,2-s2.0-85111702448
"Mobarok M.H., Thompson W., Skevas T.","57224408271;16305550100;40262429000;","COVID-19 and policy impacts on the Bangladeshi rice market and food security",2021,"Sustainability (Switzerland)","13","11","5981","","",,9,"10.3390/su13115981","https://www.scopus.com/inward/record.uri?eid=2-s2.0-85107491128&doi=10.3390%2fsu13115981&partnerID=40&md5=e226b13898be642df104f4990f2d5362","Bangladesh; COVID-19; Food security; Partial equilibrium; Rice","agricultural market; COVID-19; food availability; food security; health policy; rice; stock enhancement; Sustainable Development Goal; Bangladesh",Article,"Final","All Open Access, Gold, Green",Scopus,2-s2.0-85107491128
"Tanaka T., Geyik Ö., Karapinar B.","55727256500;57209798531;16833389900;","Short-term implications of climate shocks on wheat-based nutrient flows: A global “nutrition at risk” analysis through a stochastic cge model",2021,"Foods","10","6","1414","","",,5,"10.3390/foods10061414","https://www.scopus.com/inward/record.uri?eid=2-s2.0-85109048449&doi=10.3390%2ffoods10061414&partnerID=40&md5=575784663686069fb4512758f374ac1c","Computable general equilibrium models; Export restrictions; International trade; Nutrition security; Productivity shocks; Wheat yields",,Article,"Final","All Open Access, Gold, Green",Scopus,2-s2.0-85109048449
"Fridman D., Koellner T., Kissinger M.","57200582105;6507337126;16245329400;","Exploring global interregional food system's sustainability using the functional regions typology",2021,"Global Environmental Change","68",,"102276","","",,11,"10.1016/j.gloenvcha.2021.102276","https://www.scopus.com/inward/record.uri?eid=2-s2.0-85104647987&doi=10.1016%2fj.gloenvcha.2021.102276&partnerID=40&md5=e547f2e300d5e800f64661b99938edb6","Food-system-sustainability; Functional-regions; International-trade; Interregional-sustainability; Land-use-archetypes; Tele-coupling","ecosystem service; environmental impact; farming system; food security; food supply; sustainability; typology; Glycine max",Article,"Final","",Scopus,2-s2.0-85104647987
"Cordell D., Dominish E., Esham M., Jacobs B., Nanda M.","26026606900;57201485836;54977456700;8615682100;57201682730;","Adapting food systems to the twin challenges of phosphorus and climate vulnerability: the case of Sri Lanka",2021,"Food Security","13","2",,"477","492",,7,"10.1007/s12571-020-01118-8","https://www.scopus.com/inward/record.uri?eid=2-s2.0-85101264891&doi=10.1007%2fs12571-020-01118-8&partnerID=40&md5=71196e5dd009724197fafc321d2c9d45","Adaptation; Climate change; Food systems; Phosphorus scarcity; Sri Lanka; Vulnerability assessment","adaptive management; climate change; fertilizer application; food production; food security; island state; price dynamics; rainfed agriculture; rice; soil nutrient; spatiotemporal analysis; Sri Lanka",Article,"Final","All Open Access",Scopus,2-s2.0-85101264891
"Addey K.A.","57209400120;","The cost of partners’ genetically modified organisms regulatory index on U.S. corn and soybean exports",2021,"Food and Energy Security","10","1","e265","","",,8,"10.1002/fes3.265","https://www.scopus.com/inward/record.uri?eid=2-s2.0-85096827504&doi=10.1002%2ffes3.265&partnerID=40&md5=ffb643ab5833ec5b23ede7d998bf7544","agriculture; corn; genetically modified organisms regulatory index; mixed-effects model; soybean; trade costs",,Article,"Final","All Open Access, Gold, Green",Scopus,2-s2.0-85096827504
"Wu F., Wang Y., Liu Y., Liu Y., Zhang Y.","57189375819;59853129200;56383915700;57203675219;58875675200;","Simulated responses of global rice trade to variations in yield under climate change: Evidence from main rice-producing countries",2021,"Journal of Cleaner Production","281",,"124690","","",,37,"10.1016/j.jclepro.2020.124690","https://www.scopus.com/inward/record.uri?eid=2-s2.0-85093979032&doi=10.1016%2fj.jclepro.2020.124690&partnerID=40&md5=42f6bc2314599f5a8f88a67eb4b8f763","1.5 °C scenario; Food security; Global trade pattern; GTAP model; meta-Analysis; Rice yield","Climate models; Commerce; Food supply; Climate change scenarios; Domestic prices; Food security; Import and exports; Meta analysis; Policy recommendations; Rice production; Simulated response; Climate change",Article,"Final","",Scopus,2-s2.0-85093979032
"Zhao F., Sun P., Zhang J.","57212611490;57221308194;57218507626;","Modeling the Grain Import Trade: A Cointegration Analysis of China's Panel Data",2021,"Discrete Dynamics in Nature and Society","2021",,"3673282","","",,7,"10.1155/2021/3673282","https://www.scopus.com/inward/record.uri?eid=2-s2.0-85118986751&doi=10.1155%2f2021%2f3673282&partnerID=40&md5=91fe115531e493f9977946dac842d828",,,Article,"Final","All Open Access, Gold, Green",Scopus,2-s2.0-85118986751
"Ankrah D.A., Agyei-Holmes A., Boakye A.A.","37074065100;57189891936;40661042300;","Ghana's rice value chain resilience in the context of COVID-19",2021,"Social Sciences and Humanities Open","4","1","100210","","",,23,"10.1016/j.ssaho.2021.100210","https://www.scopus.com/inward/record.uri?eid=2-s2.0-85131715527&doi=10.1016%2fj.ssaho.2021.100210&partnerID=40&md5=aff2c01395391824b174e785f4fc72fd","Agri-food system; COVID-19; Food security; Food systems; Ghana; Rice; West Africa",,Article,"Final","All Open Access, Gold, Green",Scopus,2-s2.0-85131715527
"Almas L.K., Usman M.","57204205465;58717422000;","Determinants of wheat consumption, irrigated agriculture, and food security challenges in egypt",2021,"WSEAS Transactions on Environment and Development","17",,,"696","712",,10,"10.37394/232015.2021.17.67","https://www.scopus.com/inward/record.uri?eid=2-s2.0-85111291791&doi=10.37394%2f232015.2021.17.67&partnerID=40&md5=41e34ead1bf6fb824c46fa6ea089832c","Autoregressive Distributed Lag (ARDL) Model; Bio-saline Agriculture; Cross Price Elasticity; Egypt; Food Security; Income Elasticity; Own Price Elasticity; Wheat Demand Determinants; Wheat Production Gap",,Article,"Final","All Open Access, Gold",Scopus,2-s2.0-85111291791
"Falkendal T., Otto C., Schewe J., Jägermeyr J., Konar M., Kummu M., Watkins B., Puma M.J.","57194546227;35100816100;23487007900;35179843900;36623797700;14050683600;57223325255;8414341100;","Grain export restrictions during COVID-19 risk food insecurity in many low- and middle-income countries",2021,"Nature Food","2","1",,"11","14",,130,"10.1038/s43016-020-00211-7","https://www.scopus.com/inward/record.uri?eid=2-s2.0-85103732259&doi=10.1038%2fs43016-020-00211-7&partnerID=40&md5=dc0818feae5cbbdde474226c81714931",,"Africa; Argentina; Article; catering service; coronavirus disease 2019; food insecurity; food security; food shortage; human; maize; nonhuman; organization; Pakistan; population research; poverty; quarantine; rice; Ukraine; wheat; Acrididae; article; food; grain; middle income country; price; South Asia",Article,"Final","All Open Access, Bronze, Green",Scopus,2-s2.0-85103732259
"Zhai R., Tao F., Lall U., Elliott J.","57206366358;55843124400;7007127326;55422916100;","Africa Would Need to Import More Maize in the Future Even Under 1.5°C Warming Scenario",2021,"Earth's Future","9","1","e2020EF001574","","",,17,"10.1029/2020EF001574","https://www.scopus.com/inward/record.uri?eid=2-s2.0-85099993095&doi=10.1029%2f2020EF001574&partnerID=40&md5=8bc349e0aea8091fc3ab89ac3cba7cdb","agricultural production; climate change; food security; hunger; population; shared socioeconomic pathway","adaptive management; climate change; crop production; crop yield; food security; food selection; future prospect; global warming; maize; strategic approach; temperature effect; Africa",Article,"Final","All Open Access, Gold, Green",Scopus,2-s2.0-85099993095
"Yu X., Luo H., Wang H., Feil J.-H.","35207571100;57217229551;57209338100;55821608200;","Climate change and agricultural trade in central Asia: evidence from Kazakhstan",2020,"Ecosystem Health and Sustainability","6","1","1766380","","",,31,"10.1080/20964129.2020.1766380","https://www.scopus.com/inward/record.uri?eid=2-s2.0-85086849179&doi=10.1080%2f20964129.2020.1766380&partnerID=40&md5=24385a9f657ca1bcd1fdc476ea26af13","adaptation; cereal trade; Climate change; gravity model; Kazakhstan",,Article,"Final","All Open Access, Gold, Green",Scopus,2-s2.0-85086849179
"Ragasa C., Andam K.S., Asante S.B., Amewu S.","36633069600;25640919700;57191616824;57205682012;","Can local products compete against imports in West Africa? Supply- and demand-side perspectives on chicken, rice, and tilapia in Ghana",2020,"Global Food Security","26",,"100448","","",,28,"10.1016/j.gfs.2020.100448","https://www.scopus.com/inward/record.uri?eid=2-s2.0-85093113400&doi=10.1016%2fj.gfs.2020.100448&partnerID=40&md5=c81ec2588868c4ba3635b6cd22fd51b1","Consumer preferences; Food security; Import substitution; Local competitiveness; Product attributes; Quality competitiveness",,Article,"Final","",Scopus,2-s2.0-85093113400
"Arouna A., Soullier G., Mendez del Villar P., Demont M.","24278861700;57203261089;6507984384;35291924500;","Policy options for mitigating impacts of COVID-19 on domestic rice value chains and food security in West Africa",2020,"Global Food Security","26",,"100405","","",,74,"10.1016/j.gfs.2020.100405","https://www.scopus.com/inward/record.uri?eid=2-s2.0-85087984521&doi=10.1016%2fj.gfs.2020.100405&partnerID=40&md5=82619915d6f305ca67450db4ae198320","Food policy; Food security; Foodborne zoonotic pathogens; Impact; Trade disruption; West Africa",,Article,"Final","All Open Access, Hybrid Gold, Green",Scopus,2-s2.0-85087984521
"Li J., Liu W., Song Z.","57206965160;56244286200;55220246100;","Sustainability of the adjustment schemes in China's grain price support policy-An empirical analysis based on the partial equilibrium model of wheat",2020,"Sustainability (Switzerland)","12","16","6447","","",,21,"10.3390/su12166447","https://www.scopus.com/inward/record.uri?eid=2-s2.0-85089916823&doi=10.3390%2fsu12166447&partnerID=40&md5=c7631a8fbfc86b222e840a891a6dbdb7","Partial equilibrium model; Policy adjustment; Sustainability; Wheat price","agricultural production; crop production; empirical analysis; food policy; food security; price dynamics; rice; stakeholder; subsidy system; sustainable development; wheat; China; Triticum aestivum",Article,"Final","All Open Access, Gold, Green",Scopus,2-s2.0-85089916823
"Bren D'Amour C., Bren D'Amour C., Bren D'Amour C., Anderson W.","57188625365;57188625365;57188625365;55977166500;","International trade and the stability of food supplies in the Global South",2020,"Environmental Research Letters","15","7","074005","","",,36,"10.1088/1748-9326/ab832f","https://www.scopus.com/inward/record.uri?eid=2-s2.0-85087328019&doi=10.1088%2f1748-9326%2fab832f&partnerID=40&md5=82c82765695573fc91a1a7752e910368","food imports; food security; food supply stability; food supply variability; food trade","Crops; International trade; Stability; Available water; Crop failures; Domestic production; Food stability; Land resources; Over reliance; Provide guidances; Supply disruption; Food supply; crop plant; food production; food supply; global perspective; global trade; Central Asia; Southern Africa; Triticum aestivum; Zea mays",Article,"Final","All Open Access, Gold, Green",Scopus,2-s2.0-85087328019
"Maitah K., Smutka L., Sahatqija J., Maitah M., Anh N.P.","57205713637;30567922800;57215056441;54684629900;57217259018;","Rice as a determinant of Vietnamese economic sustainability",2020,"Sustainability (Switzerland)","12","12","5123","","",,36,"10.3390/su12125123","https://www.scopus.com/inward/record.uri?eid=2-s2.0-85086938652&doi=10.3390%2fsu12125123&partnerID=40&md5=41ae1e05841eb95c96f920496c1c594d","Agriculture; Foreign trade; Rice; Vietnam","agricultural land; crop production; crop yield; economic theory; employment; food security; Gross Domestic Product; rice; sustainability; Thailand; Viet Nam",Article,"Final","All Open Access, Gold, Green",Scopus,2-s2.0-85086938652
"Soullier G., Demont M., Arouna A., Lançon F., Mendez del Villar P.","57203261089;35291924500;24278861700;55531403900;6507984384;","The state of rice value chain upgrading in West Africa",2020,"Global Food Security","25",,"100365","","",,78,"10.1016/j.gfs.2020.100365","https://www.scopus.com/inward/record.uri?eid=2-s2.0-85082853340&doi=10.1016%2fj.gfs.2020.100365&partnerID=40&md5=ad9d9763a7e0a7a243d55bfd6332c465","Africa; Contract farming; Milling; Rice; Upgrading; Value chain",,Review,"Final","All Open Access, Hybrid Gold, Green",Scopus,2-s2.0-85082853340
"Araujo-Enciso S.R., Fellmann T.","57120207100;24831806300;","Yield Variability and Harvest Failures in Russia, Ukraine and Kazakhstan and Their Possible Impact on Food Security in the Middle East and North Africa",2020,"Journal of Agricultural Economics","71","2",,"493","516",,24,"10.1111/1477-9552.12367","https://www.scopus.com/inward/record.uri?eid=2-s2.0-85076094749&doi=10.1111%2f1477-9552.12367&partnerID=40&md5=c18bb2c9a62279cce66fb5cf5dca1687","agricultural markets; food security; harvest failures; Yield variability","agricultural market; crop production; crop yield; export; food security; harvesting; stochasticity; wheat; Kazakhstan; Middle East; North Africa; Russian Federation; Ukraine; Triticum aestivum",Article,"Final","All Open Access, Hybrid Gold",Scopus,2-s2.0-85076094749
"Heslin A., Puma M.J., Marchand P., Carr J.A., Dell'Angelo J., D'Odorico P., Gephart J.A., Kummu M., Porkka M., Rulli M.C., Seekell D.A., Suweis S., Tavoni A.","56533965100;8414341100;56704608500;36337804000;56203236600;7004259223;55811795300;14050683600;55308409200;6603788904;36671917300;36087945400;45561690000;","Simulating the Cascading Effects of an Extreme Agricultural Production Shock: Global Implications of a Contemporary US Dust Bowl Event",2020,"Frontiers in Sustainable Food Systems","4",,"26","","",,36,"10.3389/fsufs.2020.00026","https://www.scopus.com/inward/record.uri?eid=2-s2.0-85083047386&doi=10.3389%2ffsufs.2020.00026&partnerID=40&md5=083612d02207cc04e7fea026104be11a","drought; extreme weather; food crisis; food security; food systems; international trade",,Article,"Final","All Open Access, Gold, Green",Scopus,2-s2.0-85083047386
"Madimu T.","57191840228;","Food Imports, Hunger and State Making in Zimbabwe, 2000–2009",2020,"Journal of Asian and African Studies","55","1",,"128","144",,9,"10.1177/0021909619868735","https://www.scopus.com/inward/record.uri?eid=2-s2.0-85071503794&doi=10.1177%2f0021909619868735&partnerID=40&md5=a7374210256b8d69004fc1583553ee75","food imports; hunger; Movement for Democratic Change (MDC); state-making; Zimbabwe; Zimbabwe African National Union – Patriotic Front (ZANU PF)","food market; food security; food supply; hunger; maize; manufacturing; Zimbabwe; Zea mays",Article,"Final","",Scopus,2-s2.0-85071503794
"Safii M., Wahyudi M., Solikhun, Zarlis M., Effendi S.","57222595203;57144449500;57211272339;46662076100;57193792516;","Food Self-sufficiency Decision Support Model Based on Provinces in Indonesia Using the Clustering Method",2019,"Journal of Physics: Conference Series","1255","1","012068","","",,,"10.1088/1742-6596/1255/1/012068","https://www.scopus.com/inward/record.uri?eid=2-s2.0-85073255186&doi=10.1088%2f1742-6596%2f1255%2f1%2f012068&partnerID=40&md5=f9dac0721e2bc0c0b86311e9bb90d3db",,"Data mining; Decision making; Decision support systems; Food supply; International trade; K-means clustering; Affordable prices; Clustering methods; Decision support models; Increased productivity; International markets; Large population; Rice cultivation; Security and stability; National security",Conference Paper,"Final","All Open Access, Gold",Scopus,2-s2.0-85073255186
"Jiang Z., Raghavan S.V., Hur J., Sun Y., Liong S.-Y., Nguyen V.Q., Van Pham Dang T.","57211499211;57208161645;55883107600;35202019000;7004569396;57203896079;57203902210;","Future changes in rice yields over the Mekong River Delta due to climate change—Alarming or alerting?",2019,"Theoretical and Applied Climatology","137","1-2",,"545","555",,21,"10.1007/s00704-018-2617-z","https://www.scopus.com/inward/record.uri?eid=2-s2.0-85053471452&doi=10.1007%2fs00704-018-2617-z&partnerID=40&md5=875befbf0ab55e9b6bf8bae6741208c1","Adaptation; Climate change; Crop productivity; Food security; Rice","adaptive management; climate change; crop production; crop yield; food security; rice; water resource; Mekong River",Article,"Final","All Open Access, Hybrid Gold",Scopus,2-s2.0-85053471452
"Svanidze M., Götz L., Djuric I., Glauben T.","57209138618;37066033600;56333891300;57203537824;","Food security and the functioning of wheat markets in Eurasia: a comparative price transmission analysis for the countries of Central Asia and the South Caucasus",2019,"Food Security","11","3",,"733","752",,31,"10.1007/s12571-019-00933-y","https://www.scopus.com/inward/record.uri?eid=2-s2.0-85066636408&doi=10.1007%2fs12571-019-00933-y&partnerID=40&md5=4db8146e6c71716f79adeb1017a8d1e6","Central Asia; Food security; Price transmission; The South Caucasus; Transportation costs; Wheat market integration","agricultural market; food security; price dynamics; self sufficiency; transportation economics; wheat; Black Sea; Caucasus; Central Asia; Triticum aestivum",Article,"Final","All Open Access, Hybrid Gold, Green",Scopus,2-s2.0-85066636408
"Kakar K., Xuan T.D., Haqani M.I., Rayee R., Wafa I.K., Abdiani S., Tran H.-D.","57208034396;7003473828;57222045571;57205124645;57208025084;35361548500;57202392125;","Current situation and sustainable development of rice cultivation and production in Afghanistan",2019,"Agriculture (Switzerland)","9","3","49","","",,35,"10.3390/agriculture9030049","https://www.scopus.com/inward/record.uri?eid=2-s2.0-85063644006&doi=10.3390%2fagriculture9030049&partnerID=40&md5=ed6b8724c84f4506a87cc01425f9c407","Afghanistan; Cultivation; Grain quality; Poverty; Processing; Production; Rice; Sustainability",,Article,"Final","All Open Access, Gold, Green",Scopus,2-s2.0-85063644006
"Mottaleb K.A., Loladze A., Sonder K., Kruseman G., San Vicente F.","53664229100;55859761000;26531705200;57200546771;6506718119;","Threats of Tar Spot Complex disease of maize in the United States of America and its global consequences",2019,"Mitigation and Adaptation Strategies for Global Change","24","2",,"281","300",,35,"10.1007/s11027-018-9812-1","https://www.scopus.com/inward/record.uri?eid=2-s2.0-85046444290&doi=10.1007%2fs11027-018-9812-1&partnerID=40&md5=5ffe2d8b6d4eb47decae7b9a3a893030","Biotic stress; Climate change; Corn; Ex ante impact; Food security; Global impact; New plant diseases; Tar Spot Complex","biotic factor; climate change; crop production; crop yield; economic impact; environmental stress; food security; fungal disease; global perspective; maize; pathogen; poverty; starvation; yield response; Latin America; United States; Monographella; Phyllachora; Zea mays",Article,"Final","All Open Access, Hybrid Gold",Scopus,2-s2.0-85046444290
"Lee S.-H., Mohtar R.H., Yoo S.-H.","56603384700;7003796680;16680241000;","Assessment of food trade impacts on water, food, and land security in the MENA region",2019,"Hydrology and Earth System Sciences","23","1",,"557","572",,41,"10.5194/hess-23-557-2019","https://www.scopus.com/inward/record.uri?eid=2-s2.0-85060908108&doi=10.5194%2fhess-23-557-2019&partnerID=40&md5=86c5c68f6c4753785d7253caabff9bd3",,"Climate change; Economic and social effects; Food supply; Water resources; Eigenvector centralities; Food production; Irrigation waters; Middle East and North Africa; Resource management; Virtual water trade; Water - savings; Water security; Irrigation; agricultural trade; assessment method; climate change; eigenvalue; food; food production; food security; irrigation; self sufficiency; water; water management; water planning; Egypt; Middle East; North Africa; Hordeum; Triticum aestivum; Zea mays",Article,"Final","All Open Access, Gold, Green",Scopus,2-s2.0-85060908108
"Dellal I., Unuvar F.I.","6506761131;57217684739;","Effect of climate change on food supply of Turkey",2019,"Journal of Environmental Protection and Ecology","20","2",,"692","700",,10,,"https://www.scopus.com/inward/record.uri?eid=2-s2.0-85082117456&partnerID=40&md5=a167431a296f22c99999b647f048ec11","Agriculture; Climate change; Food supply; Yield","climate change; climate effect; crop yield; food security; food supply; income; Turkey; Avena; Beta vulgaris subsp. vulgaris; Hordeum; Lens culinaris; Secale cereale; Triticum aestivum",Article,"Final","",Scopus,2-s2.0-85082117456
"Chouchane H., Krol M.S., Hoekstra A.Y.","56472729000;16162365000;7007050344;","Expected increase in staple crop imports in water-scarce countries in 2050",2018,"Water Research X","1",,"100001","","",,28,"10.1016/j.wroa.2018.09.001","https://www.scopus.com/inward/record.uri?eid=2-s2.0-85061031448&doi=10.1016%2fj.wroa.2018.09.001&partnerID=40&md5=855b2574990790efe56cead2971b67b2","Food security; Global trade; Population growth; Staple crops; Water-scarcity","Crops; Food supply; International trade; Food security; Global trade; Population growth; Staple crops; Water scarcity; Population statistics; fresh water; water; crop plant; food consumption; food security; global trade; import; population growth; resource scarcity; self sufficiency; United Nations; water availability; Article; barley; cassava; catering service; cereal; crop; crop production; environmental impact; maize; millet; nonhuman; oat; population; population growth; potato; priority journal; rice; rye; sorghum; soybean; sweet potato; United Nations; water availability; water supply; yam",Article,"Final","All Open Access, Gold, Green",Scopus,2-s2.0-85061031448
"Abokyi E., Folmer H., Asiedu K.F.","57204030170;7003340413;57213294972;","Public buffer stocks as agricultural output price stabilization policy in Ghana",2018,"Agriculture and Food Security","7","1","69","","",,21,"10.1186/s40066-018-0221-1","https://www.scopus.com/inward/record.uri?eid=2-s2.0-85054145958&doi=10.1186%2fs40066-018-0221-1&partnerID=40&md5=6d302f6cbb1d1a7e74df156d1125faec","Agricultural output; Augmented Dicky-Fuller test; Buffer stock; Coefficient of variation; Ghana; Price stabilization policy; Price volatility",,Article,"Final","All Open Access, Gold, Green",Scopus,2-s2.0-85054145958
"Aragie E., Pauw K., Pernechele V.","57201390297;36728153000;57201391714;","Achieving food security and industrial development in Malawi: Are export restrictions the solution?",2018,"World Development","108",,,"1","15",,28,"10.1016/j.worlddev.2018.03.020","https://www.scopus.com/inward/record.uri?eid=2-s2.0-85044608451&doi=10.1016%2fj.worlddev.2018.03.020&partnerID=40&md5=55b6ff60e6448237710b8210ac9cc200","CGE modelling; Export restrictions; Malawi; Trade policy","agricultural production; cash cropping; developing world; export; food security; industrial development; modeling; trade policy; Malawi; Zea mays",Article,"Final","All Open Access, Hybrid Gold, Green",Scopus,2-s2.0-85044608451
"Tigchelaar M., Battisti D.S., Naylor R.L., Ray D.K.","55284682500;7003971889;7102988281;7202181543;","Future warming increases probability of globally synchronized maize production shocks",2018,"Proceedings of the National Academy of Sciences of the United States of America","115","26",,"6644","6649",,395,"10.1073/pnas.1718031115","https://www.scopus.com/inward/record.uri?eid=2-s2.0-85049046224&doi=10.1073%2fpnas.1718031115&partnerID=40&md5=024ba69eb19d4c7b3fad691727f0e643","Climate change; Food security; Price volatility","Article; climate; correlational study; crop production; environmental temperature; food security; greenhouse effect; heat tolerance; irrigation (agriculture); maize; plant breeding; priority journal; seasonal variation; temperature sensitivity; catering service; commercial phenomena; economics; food grain; forecasting; growth, development and aging; heat; human; marketing; poverty; statistics and numerical data; supply and distribution; vulnerable population; Commerce; Edible Grain; Food Supply; Forecasting; Global Warming; Hot Temperature; Humans; Marketing; Plant Breeding; Poverty; Vulnerable Populations; Zea mays",Article,"Final","All Open Access, Bronze",Scopus,2-s2.0-85049046224
"Timsina J., Wolf J., Guilpart N., van Bussel L.G.J., Grassini P., van Wart J., Hossain A., Rashid H., Islam S., van Ittersum M.K.","8766956200;60081956200;55037430700;36022156800;15839466900;55633320700;58253188700;59817962400;57210521044;56580453600;","Can Bangladesh produce enough cereals to meet future demand?",2018,"Agricultural Systems","163",,,"36","44",,125,"10.1016/j.agsy.2016.11.003","https://www.scopus.com/inward/record.uri?eid=2-s2.0-85006721148&doi=10.1016%2fj.agsy.2016.11.003&partnerID=40&md5=4d8b00dc892eaff7e3a091576b8e13bd","Cropland area; Food security; Land use change scenarios; Self-sufficiency ratio; Yield gap; Yield potential","agricultural land; cash cropping; cereal; crop production; crop yield; demand analysis; food security; future prospect; land use change; population growth; self sufficiency; Bangladesh; Triticum aestivum; Zea mays",Article,"Final","All Open Access, Hybrid Gold, Green",Scopus,2-s2.0-85006721148
"Ren D., Yang Y., Yang Y., Richards K., Zhou X.","56342594600;35270436100;36465840700;35580526300;34869016600;","Land-Water-Food Nexus and indications of crop adjustment for water shortage solution",2018,"Science of the Total Environment","626",,,"11","21",,95,"10.1016/j.scitotenv.2018.01.071","https://www.scopus.com/inward/record.uri?eid=2-s2.0-85040311775&doi=10.1016%2fj.scitotenv.2018.01.071&partnerID=40&md5=5bc7aeca60ebed50513fb503b8c51cd9","MRIO model; North China; Virtual water trade; Water shortage solution; Wheat and maize","Agriculture; Crops; Cultivation; Food supply; Grain (agricultural product); Groundwater; Population statistics; Virtual addresses; Water resources; Water supply; Agricultural productions; Agricultural water use; Beijing-tianjin-hebei regions; High population density; North China; Virtual water trade; Water shortages; Wheat and maize; Produced Water; crop production; cropping practice; maize; water supply; water use; wheat; Article; China; crop adjustment; crop production; cropland; decision support system; environmental management; environmental monitoring; environmental parameters; evapotranspiration; food intake; geographic distribution; Land Water Food Nexus; maize; mathematical analysis; mathematical model; priority journal; tillage; water shortage solution; wheat; Beijing [China]; China; Hebei; Shandong; Tianjin; Triticum aestivum; Zea mays",Article,"Final","",Scopus,2-s2.0-85040311775
"Inocencio A., Barker R.","6507903392;15838709100;","Current challenges in agricultural water resource development and management in the Philippines",2018,"DLSU Business and Economics Review","28","Special issue",,"1","17",,11,,"https://www.scopus.com/inward/record.uri?eid=2-s2.0-85055560030&partnerID=40&md5=ef0c5233482a70c4053e8cd69b403e8c","Irrigation investment; Operation and maintenance; Planning and design",,Article,"Final","",Scopus,2-s2.0-85055560030
"Debnath D., Babu S., Ghosh P., Helmar M.","56043026000;26642893500;58727234500;24404768300;","The impact of India's food security policy on domestic and international rice market",2018,"Journal of Policy Modeling","40","2",,"265","283",,29,"10.1016/j.jpolmod.2017.08.006","https://www.scopus.com/inward/record.uri?eid=2-s2.0-85032365504&doi=10.1016%2fj.jpolmod.2017.08.006&partnerID=40&md5=d4cc5509de250b5713fee9ffa4240613","Food policy; India rice model; National Food Security Act; Price effect, Inelastic and elastic income effect; Rice exports",,Article,"Final","",Scopus,2-s2.0-85032365504
"Veninga W., Ihle R.","56610289300;36166946500;","Import vulnerability in the Middle East: effects of the Arab spring on Egyptian wheat trade",2018,"Food Security","10","1",,"183","194",,23,"10.1007/s12571-017-0755-2","https://www.scopus.com/inward/record.uri?eid=2-s2.0-85042412578&doi=10.1007%2fs12571-017-0755-2&partnerID=40&md5=804163c67debf55d21e6efbb1bcab08f","Arab spring; Food insecurity; Mena; Trade shock; Violent conflict; Wheat","demand analysis; economic activity; export; food security; global trade; import; political instability; political violence; social conflict; subsidy system; United Nations; vulnerability; wheat; Egypt; Middle East; Triticum aestivum",Article,"Final","All Open Access, Hybrid Gold, Green",Scopus,2-s2.0-85042412578
"Asseng S., Kheir A.M.S., Kassie B.T., Hoogenboom G., Abdelaal A.I.N., Haman D.Z., Ruane A.C.","6603665635;57197744662;55937269900;7004536477;57203843007;6701324706;16313657100;","Can Egypt become self-sufficient in wheat?",2018,"Environmental Research Letters","13","9","094012","","",,89,"10.1088/1748-9326/aada50","https://www.scopus.com/inward/record.uri?eid=2-s2.0-85053163572&doi=10.1088%2f1748-9326%2faada50&partnerID=40&md5=cbc7f36096c67a905ef289cee5f9a9ef","Adaptation; Climate change impact; Food security; Water demand; Wheat","Climate models; Crops; Food supply; Irrigation; Population statistics; Adaptation; Climate change impact; Food security; Water demand; Wheat; Climate change; agricultural production; climate change; climate effect; crop yield; demand analysis; food security; irrigation system; leaching; population growth; wheat; Egypt; Triticum aestivum",Article,"Final","All Open Access, Gold, Green",Scopus,2-s2.0-85053163572
"Qian J., Ito S., Mu Y., Zhao Z., Wang X.","55886522500;56477821500;24725313400;57195237772;55576772000;","The role of subsidy policies in achieving grain self-sufficiency in china: A partial equilibrium approach",2018,"Agricultural Economics (Czech Republic)","64","1",,"23","35",,17,"10.17221/167/2016-AGRICECON","https://www.scopus.com/inward/record.uri?eid=2-s2.0-85040944247&doi=10.17221%2f167%2f2016-AGRICECON&partnerID=40&md5=759955ccc910e84e8ee4947ad098a1e8","Equilibrium model; Food security; Impact of subsidy; Simulation; Supply and demand",,Article,"Final","All Open Access, Gold, Green",Scopus,2-s2.0-85040944247
"Villoria N.B., Mghenyi E.W.","34168429700;36167176900;","The impacts of India's food security policies on South Asian wheat and rice markets",2017,"World Bank Economic Review","31","3",,"730","746",,7,"10.1093/wber/lhw002","https://www.scopus.com/inward/record.uri?eid=2-s2.0-85032015472&doi=10.1093%2fwber%2flhw002&partnerID=40&md5=ba75f167091bef75e16d552a69fa3aae",,"export; food market; food policy; food security; import; pricing policy; rice; trade policy; wheat; India; Pakistan; South Asia; Triticum aestivum",Article,"Final","",Scopus,2-s2.0-85032015472
"Hao N., Pedroni P., Colson G., Wetzstein M.","56548380800;7004097814;37094607400;6701478856;","The linkage between the U.S. ethanol market and developing countries’ maize prices: a panel SVAR analysis",2017,"Agricultural Economics (United Kingdom)","48","5",,"629","638",,23,"10.1111/agec.12362","https://www.scopus.com/inward/record.uri?eid=2-s2.0-85021149570&doi=10.1111%2fagec.12362&partnerID=40&md5=c348e2b1a2b753a7e882e1fff7ee9b5e","Ethanol; Food security; Maize; Panel structural vector autoregression; World hunger","agricultural economics; developing world; econometrics; ethanol; food aid; food market; food security; maize; panel data; risk assessment; vector autoregression; United States; Zea mays",Article,"Final","",Scopus,2-s2.0-85021149570
"Haggblade S., Me-Nsope N.M., Staatz J.M.","6603234885;57195056723;6507397733;","Food security implications of staple food substitution in Sahelian West Africa",2017,"Food Policy","71",,,"27","38",,35,"10.1016/j.foodpol.2017.06.003","https://www.scopus.com/inward/record.uri?eid=2-s2.0-85025071924&doi=10.1016%2fj.foodpol.2017.06.003&partnerID=40&md5=d1c5245df2d61408e9f430880da5ce13","Elasticities; Food security shocks; Multimarket simulation model; Sahelian West Africa; Staple food demand; Urban/rural poor and nonpoor","agricultural trade; demand analysis; food market; food production; food security; food supplementation; food supply; low income population; Sahel [Sub-Saharan Africa]; West Africa; Gari; Manihot esculenta; Zea mays",Article,"Final","",Scopus,2-s2.0-85025071924
"Enghiad A., Ufer D., Countryman A.M., Thilmany D.D.","57194971897;57194975902;57190044836;57203446148;","An Overview of Global Wheat Market Fundamentals in an Era of Climate Concerns",2017,"International Journal of Agronomy","2017",,"3931897","","",,96,"10.1155/2017/3931897","https://www.scopus.com/inward/record.uri?eid=2-s2.0-85024501968&doi=10.1155%2f2017%2f3931897&partnerID=40&md5=b854247b7b891b2c4afd7b7a106d8d80",,,Article,"Final","All Open Access, Gold, Green",Scopus,2-s2.0-85024501968
"Yu Y., Feng K., Hubacek K., Sun L.","59825857800;35169268500;55802235200;15821588400;","Global Implications of China's Future Food Consumption",2016,"Journal of Industrial Ecology","20","3",,"593","602",,70,"10.1111/jiec.12392","https://www.scopus.com/inward/record.uri?eid=2-s2.0-84954284995&doi=10.1111%2fjiec.12392&partnerID=40&md5=e137f78945982bad2bf95f4c4420e6bb","consumption patterns; embodied land in trade; food security; global multiregion input-output (MRIO) model; industrial ecology; teleconnections","Economic analysis; Economics; Food supply; Grain (agricultural product); Land use; Natural resources; Population statistics; Supply chains; Urban growth; Consumption patterns; Food security; Industrial ecology; Input-output; Teleconnections; Oils and fats; agricultural land; cereal; consumption behavior; demand analysis; economic growth; food availability; food consumption; food security; industrial ecology; land use; natural resource; numerical model; population growth; soybean; teleconnection; urbanization; Africa; Argentina; Brazil; China; Thailand; United States; Glycine max",Article,"Final","All Open Access, Green",Scopus,2-s2.0-84954284995
"Araujo Enciso S.R., Fellmann T., Pérez Dominguez I., Santini F.","57120207100;24831806300;26431610500;56239125100;","Abolishing biofuel policies: Possible impacts on agricultural price levels, price variability and global food security",2016,"Food Policy","61",,,"9","26",,45,"10.1016/j.foodpol.2016.01.007","https://www.scopus.com/inward/record.uri?eid=2-s2.0-84958240042&doi=10.1016%2fj.foodpol.2016.01.007&partnerID=40&md5=88b35f60de066ed783bdc21c7757f0ea","Agricultural markets; Biofuels; Food security; Policy; Price level; Price variability","agricultural price; biofuel; crop production; food security; price dynamics; Triticum aestivum",Article,"Final","All Open Access, Hybrid Gold",Scopus,2-s2.0-84958240042
"Arfanuzzaman Md., Ahmad Q.K.","57189095885;7004013750;","Assessing the regional food insecurity in Bangladesh due to irrigation water shortage in the Teesta catchment area",2016,"Water Policy","18","2",,"304","317",,6,"10.2166/wp.2015.072","https://www.scopus.com/inward/record.uri?eid=2-s2.0-84965175267&doi=10.2166%2fwp.2015.072&partnerID=40&md5=7774ab38687723858024dc0208eb5d44","Cost of irrigation failure; Food insecurity; Irrigation water; Teesta catchment area; Transboundary river",,Article,"Final","",Scopus,2-s2.0-84965175267
"Hosoe N.","55936781200;","The double dividend of agricultural trade liberalization: Consistency between national food security and gains from trade",2016,"Journal of Asian Economics","43",,,"27","36",,8,"10.1016/j.asieco.2016.02.001","https://www.scopus.com/inward/record.uri?eid=2-s2.0-84961119334&doi=10.1016%2fj.asieco.2016.02.001&partnerID=40&md5=6f47b3ccc6450cf5fc0f93769f5c9bad","Agricultural trade liberalization; Computable general equilibrium analysis; Monte Carlo simulation; National food security; Productivity shocks",,Article,"Final","",Scopus,2-s2.0-84961119334
"Bren D'Amour C., Wenz L., Kalkuhl M., Christoph Steckel J., Creutzig F.","57188625365;56422119800;36646251800;35759880900;23995215600;","Teleconnected food supply shocks",2016,"Environmental Research Letters","11","3","035007","","",,172,"10.1088/1748-9326/11/3/035007","https://www.scopus.com/inward/record.uri?eid=2-s2.0-84961878043&doi=10.1088%2f1748-9326%2f11%2f3%2f035007&partnerID=40&md5=773f6730b6d4f99541b3809e0e5f25c0","climate change; food security; teleconnections; trade shocks; vulnerability","Commerce; Food supply; Nutrition; Productivity; Agricultural productivity; Export restrictions; Food security; Geopolitical implications; Sub-saharan africa; Teleconnections; Temperature variability; vulnerability; Climate change; climate change; export; food security; food supply; import; international trade; maize; poverty; productivity; rice; teleconnection; trade-environment relations; vulnerability; wheat; Central America; Russian Federation; Sub-Saharan Africa; Triticum aestivum; Zea mays",Article,"Final","All Open Access, Gold, Green",Scopus,2-s2.0-84961878043
"Schmitz A., Kennedy P.L.","36004395200;24729063300;","Food security and the role of food storage",2016,"Frontiers of Economics and Globalization","16",,,"1","17",,8,"10.1108/S1574-871520150000016001","https://www.scopus.com/inward/record.uri?eid=2-s2.0-84954311219&doi=10.1108%2fS1574-871520150000016001&partnerID=40&md5=014e6815fe04edd3a8ea8098feca25cd","Export enhancement program; Food security; Food storage",,Article,"Final","",Scopus,2-s2.0-84954311219
"Nasrin S., Lodin J.B., Jirström M., Holmquist B., Djurfeldt A.A., Djurfeldt G.","55962171400;56433376300;6507382219;7007161922;55326377500;6602656779;","Drivers of rice production: Evidence from five Sub-Saharan African countries",2015,"Agriculture and Food Security","4","1","12","","",,29,"10.1186/s40066-015-0032-6","https://www.scopus.com/inward/record.uri?eid=2-s2.0-85006038107&doi=10.1186%2fs40066-015-0032-6&partnerID=40&md5=bcee4b362935c8be1e3cddb5078609e7","Africa; Change in production; Commercialization; Longitudinal data; Macro-level conditions; Multilevel data; New technology; Rice consumption; Rice production",,Article,"Final","All Open Access, Gold, Green",Scopus,2-s2.0-85006038107
"Trigo Y.C.M., Rodarte B.O.A., Hernández L.A.","6507065203;57164756100;57164329500;","Biofuelsl: Socio-environmental violence in rural Mexico",2015,"Latin American Perspectives","42","5",,"67","82",,5,"10.1177/0094582X15594398","https://www.scopus.com/inward/record.uri?eid=2-s2.0-84960474251&doi=10.1177%2f0094582X15594398&partnerID=40&md5=ef5e6f84bfa9a452c5216181e2d99b0e","Accumulation; Biofuels; Dispossession; Food sovereignty; Socio-environmental violence","biofuel; food security; import; indigenous population; maize; natural resource; rural economy; sovereignty; trade; violence; Mexico [North America]; United States; Zea mays",Article,"Final","",Scopus,2-s2.0-84960474251
"Ringler C., Zhu T.","6603403564;8860028600;","Water resources and food security",2015,"Agronomy Journal","107","4",,"1533","1538",,33,"10.2134/agronj14.0256","https://www.scopus.com/inward/record.uri?eid=2-s2.0-84935522915&doi=10.2134%2fagronj14.0256&partnerID=40&md5=cc36dfa229256b25f6e3d64f437d90f6",,"Glycine max; Oryza sativa; Saccharum officinarum; Triticum aestivum; Zea mays",Article,"Final","All Open Access, Hybrid Gold, Green",Scopus,2-s2.0-84935522915
"Adhikari U., Nejadhashemi A.P., Woznicki S.A.","55635878100;6504453135;36657880700;","Climate change and eastern Africa: A review of impact on major crops",2015,"Food and Energy Security","4","2",,"110","132",,450,"10.1002/fes3.61","https://www.scopus.com/inward/record.uri?eid=2-s2.0-84961240788&doi=10.1002%2ffes3.61&partnerID=40&md5=20ef266cfabfd3338933876425c31938","Agriculture; East Africa; Feed the future; Food security",,Review,"Final","All Open Access, Gold",Scopus,2-s2.0-84961240788
"Shamsudin M.N., Ramli N.N., Radam A., Mohamed Z.","21234392000;56414409400;6504384717;26657589400;","The impact of fertiliser subsidy and new variety of paddy on Malaysian paddy/rice industry",2015,"Pertanika Journal of Social Sciences and Humanities","23",,,"1","10",,1,,"https://www.scopus.com/inward/record.uri?eid=2-s2.0-84938063242&partnerID=40&md5=2e0d90fd0abae67e136aec8c6e4bda7a","Fertilizer; Paddy/rice; Policies; Simulation; System dynamics; Yield",,Article,"Final","",Scopus,2-s2.0-84938063242
"Msowoya K., Davtalab R., Madani K.","56711326400;19336810200;25960225600;","Climate Change Impacts on Rainfed Corn Production in Malawi's Lilongwe District",2014,"World Environmental and Water Resources Congress 2014: Water Without Borders - Proceedings of the 2014 World Environmental and Water Resources Congress",,,,"1580","1587",,5,"10.1061/9780784413548.156","https://www.scopus.com/inward/record.uri?eid=2-s2.0-84920282266&doi=10.1061%2f9780784413548.156&partnerID=40&md5=8f9dce474ae7dd48eb68c60a0df52a86",,"Agriculture; Economics; Probability distributions; Water resources; Agricultural areas; Climate change impact; Emission scenario; Export revenues; Gross domestic products; Probability assessments; Rainfed condition; Temperature increase; Climate change",Conference Paper,"Final","",Scopus,2-s2.0-84920282266
"Gbegbelegbe S., Chung U., Shiferaw B., Msangi S., Tesfaye K.","56255374400;7006254021;6701330678;10045915100;6508224672;","Quantifying the impact of weather extremes on global food security: A spatial bio-economic approach",2014,"Weather and Climate Extremes","4",,,"96","108",,32,"10.1016/j.wace.2014.05.005","https://www.scopus.com/inward/record.uri?eid=2-s2.0-84904745861&doi=10.1016%2fj.wace.2014.05.005&partnerID=40&md5=6d9859a71e7af1acf7d36321ce86303c","Developing world; Food security; IMPACT; Spatial bio-economic modelling; Weather extreme",,Article,"Final","All Open Access, Gold, Green",Scopus,2-s2.0-84904745861
"Chung U., Gbegbelegbe S., Shiferaw B., Robertson R., Yun J.I., Tesfaye K., Hoogenboom G., Sonder K.","7006254021;56255374400;6701330678;57381244000;7201754012;6508224672;7004536477;26531705200;","Modeling the effect of a heat wave on maize production in the USA and its implications on food security in the developing world",2014,"Weather and Climate Extremes","5","1",,"67","77",,48,"10.1016/j.wace.2014.07.002","https://www.scopus.com/inward/record.uri?eid=2-s2.0-84922418592&doi=10.1016%2fj.wace.2014.07.002&partnerID=40&md5=d13b1d2389bb03f5d7470036fde0ee82","DSSAT 4.5; Food security; Geo-spatial crop modeling; Global maize price; HPC cluster","agricultural modeling; circulation modeling; climate effect; climate variation; crop production; crop yield; developing world; food security; GIS; heat flow; maize; pricing policy; spatiotemporal analysis; trend analysis; Africa; Asia; Caribbean Islands; United States; Zea mays",Article,"Final","All Open Access, Gold, Green",Scopus,2-s2.0-84922418592
"Wu F., Guclu H.","55700782200;8067782700;","Global Maize Trade and Food Security: Implications from a Social Network Model",2013,"Risk Analysis","33","12",,"2168","2178",,96,"10.1111/risa.12064","https://www.scopus.com/inward/record.uri?eid=2-s2.0-84889097559&doi=10.1111%2frisa.12064&partnerID=40&md5=c9872ae96fbf04d52c210dc5cb1e0b85","Food security; Global trade; Maize; Network models","Climatic factors; Ethanol production; Food security; Global trade; Industrial crops; Maize; Network models; Republic of Korea; Climate change; International trade; Social networking (online); Food supply; commodity; database; food market; food security; global trade; maize; social network; trade; Brazil; Europe; Zea mays; article; catering service; food security; global trade; maize; network models; social support; theoretical model; Food security; global trade; maize; network models; Food Supply; Models, Theoretical; Social Support; Zea mays",Article,"Final","All Open Access, Green",Scopus,2-s2.0-84889097559
"Boyer J.S., Byrne P., Cassman K.G., Cooper M., Delmer D., Greene T., Gruis F., Habben J., Hausmann N., Kenny N., Lafitte R., Paszkiewicz S., Porter D., Schlegel A., Schussler J., Setter T., Shanahan J., Sharp R.E., Vyn T.J., Warner D., Gaffney J.","7402540006;7201919257;7003725994;16404595700;7003864185;59862279800;57211249310;6602426061;8763160900;57211249721;6603788060;6504083405;24598269800;7006453350;7004632617;57205008620;7006499036;7201356665;7003307490;57225836287;55844882000;","The U.S. drought of 2012 in perspective: A call to action",2013,"Global Food Security","2","3",,"139","143",,223,"10.1016/j.gfs.2013.08.002","https://www.scopus.com/inward/record.uri?eid=2-s2.0-84884208148&doi=10.1016%2fj.gfs.2013.08.002&partnerID=40&md5=562cc79049f2f9d05ed8d9c0460fcea7","Agronomics; Dendrochronology; Drought; Food security; Genotype; Yield","Glycine max; Triticum aestivum; Zea mays",Review,"Final","",Scopus,2-s2.0-84884208148
"Diagne M., Demont M., Seck P.A., Diaw A.","26655509500;35291924500;55931907200;55583737000;","Self-sufficiency policy and irrigated rice productivity in the Senegal River Valley",2013,"Food Security","5","1",,"55","68",,52,"10.1007/s12571-012-0229-5","https://www.scopus.com/inward/record.uri?eid=2-s2.0-84873498718&doi=10.1007%2fs12571-012-0229-5&partnerID=40&md5=7b1cc17cff71e2c19fb74a783e193eeb","Farm management fixed-effects; Food self-sufficiency program; Irrigated rice; Technical efficiency","agricultural policy; crop production; data set; econometrics; food security; international trade; investment; marketing; national planning; national trade; policy making; productivity; rice; state role; Senegal River; Aves",Article,"Final","",Scopus,2-s2.0-84873498718
"Götz L., Glauben T., Brümmer B.","37066033600;57203537824;7003848717;","Wheat export restrictions and domestic market effects in Russia and Ukraine during the food crisis",2013,"Food Policy","38","1",,"214","226",,93,"10.1016/j.foodpol.2012.12.001","https://www.scopus.com/inward/record.uri?eid=2-s2.0-84872389027&doi=10.1016%2fj.foodpol.2012.12.001&partnerID=40&md5=7297f112d19a59dba2d66cd59d241bd3","Export controls; Food crisis; Food security; Markov switching error-correction model; Price insulation; Russia; Spatial price transmission; Ukraine; Wheat market","export; food policy; Markov chain; numerical model; wheat; Russian Federation; Ukraine; Triticum aestivum",Article,"Final","",Scopus,2-s2.0-84872389027
"Ejaz Qureshi M., Hanjra M.A., Ward J.","7202874879;23090765200;57206586633;","Impact of water scarcity in Australia on global food security in an era of climate change",2013,"Food Policy","38","1",,"136","145",,102,"10.1016/j.foodpol.2012.11.003","https://www.scopus.com/inward/record.uri?eid=2-s2.0-84871483137&doi=10.1016%2fj.foodpol.2012.11.003&partnerID=40&md5=69b708e1e150d18bc811308744624883","Australian food exports; Drought; Economic model; Global food security; Water scarcity","agricultural production; agricultural trade; climate change; commodity price; drought; economic analysis; export; food security; international trade; resource scarcity; socioeconomic impact; water resource; Australia; Murray-Darling Basin; Triticum aestivum",Article,"Final","",Scopus,2-s2.0-84871483137
"da Costa M.d.J., Lopes M., Ximenes A., Ferreira A.d.R., Spyckerelle L., Williams R., Nesbitt H., Erskine W.","55584333700;55584542500;55584487700;59579702400;16043732300;55495841800;34873148800;57207534853;","Household food insecurity in Timor-Leste",2013,"Food Security","5","1",,"83","94",,38,"10.1007/s12571-012-0228-6","https://www.scopus.com/inward/record.uri?eid=2-s2.0-84873507082&doi=10.1007%2fs12571-012-0228-6&partnerID=40&md5=f806ec6e2c73880ce5bfd3461b19fb0b","Agricultural production; Food imports; Household food security; Hungry season; Social networks; Wild food resources","agricultural management; climate change; crop production; food security; harvesting; household survey; information management; seasonal variation; Lesser Sunda Islands; Sunda Isles; Timor; Timor-Leste; Animalia; Zea mays",Article,"Final","",Scopus,2-s2.0-84873507082
"Rutten M., Shutes L., Meijerink G.","36817646900;55443602600;6506410968;","Sit down at the ball game: How trade barriers make the world less food secure",2013,"Food Policy","38","1",,"1","10",,64,"10.1016/j.foodpol.2012.09.002","https://www.scopus.com/inward/record.uri?eid=2-s2.0-84868252936&doi=10.1016%2fj.foodpol.2012.09.002&partnerID=40&md5=d2f2ad9c6db0cf18411e5b30d1c0bd11","CGE modelling; Food security; International grain trade; Trade liberalisation; Trade measures; World food crisis","export; food security; international trade; price dynamics; trade liberalization; trade policy; wheat; World Trade Organization; Africa; Asia; Triticum aestivum",Article,"Final","All Open Access, Green",Scopus,2-s2.0-84868252936
"Katic P.G., Namara R.E., Hope L., Owusu E., Fujii H.","49663586200;16234237500;55850695900;54179625200;58344498200;","Rice and irrigation in West Africa: Achieving food security with agricultural water management strategies",2013,"Water Resources and Economics","1",,,"75","92",,33,"10.1016/j.wre.2013.03.001","https://www.scopus.com/inward/record.uri?eid=2-s2.0-84883745618&doi=10.1016%2fj.wre.2013.03.001&partnerID=40&md5=209df77a81c63d8a228c23af1cc77292","Food security; Irrigation; Policy Analysis Matrix; Rice profitability; West Africa",,Article,"Final","",Scopus,2-s2.0-84883745618
"Lawrence G., Richards C., Lyons K.","7202287787;23010265200;55204083900;","Food security in Australia in an era of neoliberalism, productivism and climate change",2013,"Journal of Rural Studies","29",,,"30","39",,163,"10.1016/j.jrurstud.2011.12.005","https://www.scopus.com/inward/record.uri?eid=2-s2.0-84873274342&doi=10.1016%2fj.jrurstud.2011.12.005&partnerID=40&md5=d55b028972a18b411f107b63dbb403de","Australia; Climate change; Environmental degradation; Food security; Neoliberalism; Productivism","climate change; commodity market; environmental degradation; food production; food security; foreign direct investment; import; incentive; neoliberalism; productivity; Australia; Triticum aestivum",Article,"Final","",Scopus,2-s2.0-84873274342
"Gilbert C.L.","7201382608;","International agreements to manage food price volatility",2012,"Global Food Security","1","2",,"134","142",,16,"10.1016/j.gfs.2012.10.001","https://www.scopus.com/inward/record.uri?eid=2-s2.0-84872274217&doi=10.1016%2fj.gfs.2012.10.001&partnerID=40&md5=938f32c65720cda3e17a59c7f9310383","Biofuel; Food security stock; International agreement; Volatility",,Review,"Final","",Scopus,2-s2.0-84872274217
"Wu F., Zhang D., Zhang J.","24175463600;55083387600;37065655900;","Will the development of bioenergy in China create a food security problem? Modeling with fuel ethanol as an example",2012,"Renewable Energy","47",,,"127","134",,14,"10.1016/j.renene.2012.03.039","https://www.scopus.com/inward/record.uri?eid=2-s2.0-84860786505&doi=10.1016%2fj.renene.2012.03.039&partnerID=40&md5=64de50fe62b3090799db0cad8304e9b9","Bioenergy; Corn fuel ethanol; Food security","Bio-energy; Dynamic equilibrium; Food security; Fuel ethanol; Import sources; Price rise; Safety problems; Status quo; Theoretical models; Trade policies; Costs; Food supply; International trade; Problem solving; bioenergy; biofuel; ethanol; food safety; food security; international trade; maize; price dynamics; subsidy system; trade policy; China; Zea mays",Article,"Final","",Scopus,2-s2.0-84860786505
"Zolin M.B., Andreosso-O'Callaghan B.","23394441500;6603154687;","Rice price volatility: Sustainable policies in Asia and Europe",2012,"Asian Business and Management","11","3",,"251","271",,2,"10.1057/abm.2012.10","https://www.scopus.com/inward/record.uri?eid=2-s2.0-84863084663&doi=10.1057%2fabm.2012.10&partnerID=40&md5=1420843e32acee44e23afd13ac97d3f0","food security; public policies; regression analysis; rice market",,Review,"Final","",Scopus,2-s2.0-84863084663
"Baig M.B., Shayaa Al-Shay M., Straquadine G.S.","24467428400;55227330100;54941369200;","Agricultural extension in the kingdom of Saudi Arabia: Difficult present and demanding future",2012,"Journal of Animal and Plant Sciences","22","1",,"239","246",,50,,"https://www.scopus.com/inward/record.uri?eid=2-s2.0-84861450992&partnerID=40&md5=e7bd771825966d98aa957812df38ef8c","Agricultural production; Arid environment; Capacity building; Natural resources; Self-sufficiency; Sustainable agriculture","Allium cepa; Citrullus lanatus var. lanatus; Citrus; Cucumis sativus; Hordeum; Lycopersicon esculentum; Phoenix dactylifera; Solanum melongena; Solanum tuberosum; Triticum aestivum; Vitaceae",Article,"Final","",Scopus,2-s2.0-84861450992
"Lewis K., Witham C.","55521728200;57204987677;","Agricultural commodities and climate change",2012,"Climate Policy","12","SUPPL. 1",,"S53","S61",,29,"10.1080/14693062.2012.728790","https://www.scopus.com/inward/record.uri?eid=2-s2.0-84871004246&doi=10.1080%2f14693062.2012.728790&partnerID=40&md5=7ce744a3190d56a7aa6182740c49343c","adaptation; climate change; climate impacts; food production; food security; integrated assessment; international trade; resilience","agricultural market; carbon dioxide; climate change; commodity market; environmental policy; food production; food security; international trade; temperature; water availability; Argentina; Canada; Europe; Russian Federation",Article,"Final","",Scopus,2-s2.0-84871004246
"Tanaka T., Hosoe N.","59784004400;55936781200;","Does agricultural trade liberalization increase risks of supply-side uncertainty?: Effects of productivity shocks and export restrictions on welfare and food supply in Japan",2011,"Food Policy","36","3",,"368","377",,47,"10.1016/j.foodpol.2011.01.002","https://www.scopus.com/inward/record.uri?eid=2-s2.0-79955464063&doi=10.1016%2fj.foodpol.2011.01.002&partnerID=40&md5=85f83ebc4911389a1119af04c2ad9856","Agricultural trade protection; Emergency stocks; Food security; Food self-sufficiency rate; Productivity shocks","agricultural trade; export; food security; food supply; free trade; import; productivity; trade liberalization; welfare impact; Japan",Article,"Final","",Scopus,2-s2.0-79955464063
"Seck P.A., Tollens E., Wopereis M.C.S., Diagne A., Bamba I.","55931907200;6602973652;7004110300;23033886300;36093966500;","Rising trends and variability of rice prices: Threats and opportunities for sub-Saharan Africa",2010,"Food Policy","35","5",,"403","411",,115,"10.1016/j.foodpol.2010.05.003","https://www.scopus.com/inward/record.uri?eid=2-s2.0-77956189275&doi=10.1016%2fj.foodpol.2010.05.003&partnerID=40&md5=646ec5424e00f0ecfcafab3169cf60bc","Competitiveness; Rice technologies; Sub-Saharan Africa; World rice markets","agricultural technology; competitiveness; crop production; food market; food security; food supply; paddy farming; price dynamics; rice; Sub-Saharan Africa",Article,"Final","",Scopus,2-s2.0-77956189275
"Dorosh P.A., Dradri S., Haggblade S.","6603810543;26424642200;6603234885;","Regional trade, government policy and food security: Recent evidence from Zambia",2009,"Food Policy","34","4",,"350","366",,77,"10.1016/j.foodpol.2009.02.001","https://www.scopus.com/inward/record.uri?eid=2-s2.0-67650424268&doi=10.1016%2fj.foodpol.2009.02.001&partnerID=40&md5=05f1c681cf4e0539dc5cf6b01bfe8398","Food aid; Food security; Sub-Saharan Africa; Trade policy","aid flow; crop production; econometrics; food aid; food consumption; food market; food policy; food security; regional trade; trade policy; Africa; Southern Africa; Sub-Saharan Africa; Zambia; Manihot esculenta; Zea mays",Article,"Final","",Scopus,2-s2.0-67650424268
"Morrone M., Stuart B.J., McHenry I., Buckley G.L.","7004710782;7102231967;25641733800;8340681300;","The challenges of biofuels from the perspective of small-scale producers in Ohio",2009,"Energy Policy","37","2",,"522","530",,16,"10.1016/j.enpol.2008.09.082","https://www.scopus.com/inward/record.uri?eid=2-s2.0-58149119496&doi=10.1016%2fj.enpol.2008.09.082&partnerID=40&md5=e0f89109bac88746dfc5f426cb2ab3f2","Biofuels; Challenges; Sustainability","Biodiesel; Ethanol; Ethanol fuels; Fuels; International trade; Raw materials; Biofuel productions; Challenges; Food securities; Low prices; Oil imports; Renewable fuels; Small businesses; Sustainability; Traditional fuels; United States; Biofuels; alternative fuel; biofuel; price dynamics; renewable resource; small scale industry; sustainability; North America; Ohio; United States; Glycine max; Zea mays",Article,"Final","",Scopus,2-s2.0-58149119496
"Cassman K.G., Liska A.J.","7003725994;24175706400;","Food and fuel for all: Realistic or foolish?",2007,"Biofuels, Bioproducts and Biorefining","1","1",,"18","23",,188,"10.1002/bbb.3","https://www.scopus.com/inward/record.uri?eid=2-s2.0-41149145637&doi=10.1002%2fbbb.3&partnerID=40&md5=3a6815591c9d1ccb0811d508985a2abc","Biofuels; Corn-ethanol; Crop yields; Food security; Sustainability","Agricultural commodities; Biofuel production; Corn-ethanol; Crop production; Crop yield; Environmental quality; Food insecurity; Food prices; Food production; Food security; Oil seed crops; Rapid expansion; Rapid response; Research and development; Cultivation; Developing countries; Ethanol; International trade; Network security; Sugar (sucrose); Sustainable development; Crops",Article,"Final","All Open Access, Bronze",Scopus,2-s2.0-41149145637
"Chabot P., Dorosh P.A.","15819172100;6603810543;","Wheat markets, food aid and food security in Afghanistan",2007,"Food Policy","32","3",,"334","353",,54,"10.1016/j.foodpol.2006.07.002","https://www.scopus.com/inward/record.uri?eid=2-s2.0-33947115295&doi=10.1016%2fj.foodpol.2006.07.002&partnerID=40&md5=7e6ad5991fc8c102db8f8eeb754dfdf4","Afghanistan; Agricultural markets; Food aid; Food security","agricultural market; econometrics; food aid; food market; food security; food supply; price dynamics; wheat; Afghanistan; Asia; Eurasia; South Asia; Triticum aestivum",Article,"Final","",Scopus,2-s2.0-33947115295
"Balasubramanian V., Sie M., Hijmans R.J., Otsuka K.","58375507100;6603035875;6603058114;7402086854;","Increasing Rice Production in Sub-Saharan Africa: Challenges and Opportunities",2007,"Advances in Agronomy","94",,,"55","133",,325,"10.1016/S0065-2113(06)94002-4","https://www.scopus.com/inward/record.uri?eid=2-s2.0-34247625641&doi=10.1016%2fS0065-2113%2806%2994002-4&partnerID=40&md5=7ea2cf2842d0b2bb00c97484e0cb62dd",,,Review,"Final","",Scopus,2-s2.0-34247625641
"Nkang N.M., Abang S.O., Akpan O.E., Edet E.O.","12142768400;35607082300;57212297519;12143014500;","Rice production, imports and food security in Nigeria: An application of cointegration and error correction model",2006,"Journal of Food, Agriculture and Environment","4","1",,"86","90",,2,,"https://www.scopus.com/inward/record.uri?eid=2-s2.0-32044472124&partnerID=40&md5=8b4bb5f8bda443ec1f17a3de6f2172dc","Demand; Domestic production; Elasticity; Error correction mechanism; Imports; Rice",,Article,"Final","",Scopus,2-s2.0-32044472124
"Zhao J., Liu W., Deng H.","36122031300;58737446900;7401775505;","The potential role of virtual water in solving water scarcity and food security problems in China",2005,"International Journal of Sustainable Development and World Ecology","12","4",,"419","428",,31,"10.1080/13504500509469651","https://www.scopus.com/inward/record.uri?eid=2-s2.0-33644536143&doi=10.1080%2f13504500509469651&partnerID=40&md5=9323002f6fc66249e64447c7b553166c","Agriculture; Food imports; Food production; Policy relevance; Water resources","food availability; water resource; Asia; China; Eurasia; Far East; Triticum aestivum; Zea mays",Article,"Final","",Scopus,2-s2.0-33644536143
"Dorosh P.A.","6603810543;","Trade liberalization and national food security: Rice trade between Bangladesh and India",2001,"World Development","29","4",,"673","689",,79,"10.1016/S0305-750X(00)00121-2","https://www.scopus.com/inward/record.uri?eid=2-s2.0-0035040012&doi=10.1016%2fS0305-750X%2800%2900121-2&partnerID=40&md5=0fc4a660d245f76324a2cbe0cf12791a",,"agricultural trade; food security; rice; trade liberalization; Bangladesh; India",Article,"Final","",Scopus,2-s2.0-0035040012
